path,size_bytes,sha256
.gitignore,1114,4a545dec7dd941378a3b357964e9924d4ca02ae09ed0294d70261c26ef96bb4d
CITATION.cff,925,171f02fa31c7492d968488c8b7e5dfc3e63f2b231c43be9c430aed54a87c49ab
R/br_sinasc.R,4669,5258515a438335ec2444f2b5621c811230719f77fe91fb3a0c31d1f149cb3015
R/harmonize.R,6105,8d41f97ad55e6d1a290ee720907205149014269171bbc8a75f278b5c621efb57
R/models.R,6866,0b2c4a6bb53f11836f21926ed93bded8c3d87839e7eeda1a8c7609839c5696ed
R/publication_outputs.R,13219,c8e6a21d2f1fdbe1803cb2a236b969c8f2974c0aa4ce5e15516045f0d4813384
R/tables_figures.R,3936,6832b30643c08bfc17904fd7813d93c5deaeb7cd60494ee65aa1581596bf8c26
R/us_nchs.R,7336,f0bea41c0a48d16fc0c1d5a11cf9e10372e435167da9ba10d0b1f6da8611d77f
R/utils.R,5319,9bc41442034f8aa1931079c40e0bf47842bcd17e53fd1bafb628984f9c392df0
README.md,3418,a2c9b1e5bb29864a3678e58009ab364a937bb0781332ba0ccf4ac97637ffc13b
config/config.yml,1747,4e399e84bc3071a38523c92694cc7538916ab3b3dd8868dbfcbd1695fcfa8ac2
config/data_paths.yml,1791,aefdc623ca60ee62c2f0b8c70eb1a8608ac0fe59bd4f1d760595176ecd774d67
config/harmonization_dictionary.yml,2297,afff1f6561e67f885c6bfad2ad07ed83a70f3d8cb586f990b9b2c515b630957d
config/variable_maps/br_sinasc_2017_2024.yml,487,47e7e5b635c839491ff7b81516a77e668560af20541ea65ee0b29d1a1230678a
config/variable_maps/us_nchs_birth_2017_2024.yml,703,2b343b96488e21c4813927afbfb95d3b7b64b82a0ec503ca010f44387e8c6039
data/README.md,523,1d5a1731243262cc1574392b2277ed635b83b5b6ad9d7c46acd3bcfa4f096c83
docs/data_sources.md,1710,3af17dc39755d70a48fef6c44b592649d22702014e412e5bd5bce738835d9b60
docs/release_notes_v1.0.0.md,845,03a7f8ba697fc57920916650c19d4b503f9b3d14151cceb38467f662d52682d9
docs/release_notes_v1.0.1.md,1006,48013db369c31ca8302f228b5f181830148b8dd57f491d356db1371474f2e025
docs/release_notes_v1.0.2.md,753,3fd9316ee501414c03407cfaba2e718018dc58e705dfb3152d7e90e8401df500
docs/release_notes_v1.0.3.md,779,a6091833ba404f337cd1ffd09c17994ae5c7dbfa63266af9bf757c34de2ccc52
docs/release_notes_v1.0.4.md,1864,68c23debc7eaef90d2d906050051d8e35c0d8538dbda0b7ddaae0ced13964411
docs/statistical_analysis_plan.md,6703,e496946118e6ef1deadf9b3186ffa663a2897a2438de17edf72b48cd1d58b4c8
docs/variable_harmonization.md,1135,a74d46dab8cc971d209d1973fbcd4ab53faa9353fd27f6aac0c92e5958db44b4
outputs/README.md,366,e28cdbb84664d58f4d9d6ad9e0877293582ed08177993beec0b8d237049f72de
scripts/00_setup_project.R,947,fdf6ae7d3aea1be06f4c862bdc37b406b589737bbd5caefbb46fdce334e91af1
scripts/01_verify_data_sources.R,2344,0c967ef17d3c7e71857daf147873e9c53e4a7a6fa8e4fade6180447347f9aeb8
scripts/02_download_us_nchs.R,332,cb9565a48efed337ddd8113a7cf3aa510177888fc8aa6f0b4322e2efbcd045dc
scripts/03_parse_us_nchs.R,427,8d2cfe406f8619211ad892d0b6ecf3e392a10a26edd88ce6f6a54a78586a2ba6
scripts/04_download_clean_br_sinasc.R,751,0d4b416b52daca2a8e8dcf67fd84062aa1b8be83499e395562f57dc6623918ec
scripts/05_harmonize_us_br.R,3797,d0f403c7b24189de57c668c35583ccf3f93a0b9b3e3ee8e9cf80d1a5c70f0fb4
scripts/16_revised_singleton_analysis.R,19099,61d7b0d22b51448faf14a054327e50321253eb11d933ee3e60792f14a8ddb73e
scripts/18_revision2_addenda.R,18559,685c2a833bb210f970410efbdc1ba59098725db4ef297fe332b5bdc564fc6256
scripts/20_final_submission_enhancements.R,13879,31b2de4a55414c23780e546cb4253f5c227a766969abecf32aeaa3ed674f6835
scripts/21_revision7_table_format.py,21251,f712a2e1b411fc18e1c489201d0b12a7c5e39bf1f11d246843f8968273b33542
scripts/22_additional_sensitivity.R,6321,caaff3a2bfd8c808cfe77e5c03f4b1e75d09f03e62023e0fd278cbfc2efb219a
scripts/24_s2_reporting_transparency.R,14685,80b93f9050b3b9f8592f4efeb1ee274b9df4151ecf907074fa85a421c4d1251b
scripts/25_upgrade_submission_figures_tables.R,25013,abfc0620000258c361bb6a14f0ea2e65708897a6eacdd47d6fa40136e80007bd
scripts/26_upgrade_supplementary_figures_tables.R,23852,64fa05421fedc8efdbe457785a2a01342923e1e9dd475dfdc51daf46033e7c69
scripts/27_grouped_count_validation.R,10615,9f966bafdd15e9d66bd8595f1ea40c3bb9848a42c7fd973a813c99a31b1f0127
scripts/28_bjog_display_repackage.R,21020,8ba0a2362ff3c63601fb42a5a5efdc963a4061b9d58eeb3a256ee0aa258fd211
scripts/31_concat_parquet_streaming.py,2743,c8acc7af8278b991f83d8d935033b137f303b04eaef76a6245189c19d043639d
scripts/33_format_submission_tables.py,8821,830a4b627e830f098b8cd2c846b1ddd9de1b10679fee3c47ba1b030d96f782ab
scripts/34_verify_restored_data.py,3559,81b60de9a3cfe28d8c5de013d891f70286ea188904a41d62dbc4c775c770a872
scripts/35_audit_analysis_data.py,7906,0160489f211f03ed55899f90cb1a4379d8c8428b66b9ff4f1e6868e59d7b81e0
scripts/36_verify_us_2024_layout.py,3578,cfd81ca710bb1e55cdaa4525a2a967218f821e47ca0c0f36c01629d045daaac2
scripts/41_restore_submission_table_inputs.py,7355,f4b23015c90e213332f084a142b46f97839255cf1b29e4eb64fd96fa253aa094
scripts/install_packages.R,506,bf6888098a89bfa63cc0866011981299092add0547b99027ba4e9f512d2ef9cd
scripts/run_public_pipeline.R,2368,2ec3e30fd790e448e97547d25a5069726d5b6192b515fc818f1b374f1a6a491e
us_brazil_birth_registry_study.Rproj,190,73f4d2a725603bcf798611e111d3a84fe52672646b91301b88dc2c972d3f4b98
